{
    "category":
    {
        "length": {
          "cm": 100,
          "mm": 1000,
          "km": 0.001,
          "in": 39.3701,
          "ft": 3.28084,
          "yd": 1.09361,
          "mi": 0.000621371
        },
        "mass": {
          "g": 1000,
          "mg": 1e+6,
          "t": 0.001,
          "lb": 2.20462,
          "oz": 35.274
        },
        "time": {
          "min": 0.0166667,
          "hr": 0.000277778,
          "day": 1.15741e-5,
          "week": 1.65344e-6,
          "year": 3.17098e-8
        },
        "temperature": {
          "k": 273.15,
          "c": -273.15
        },
        "area": {
          "cm2": 1e+4,
          "mm2": 1e+6,
          "ha": 0.0001,
          "ft2": 10.7639,
          "yd2": 1.19599,
          "mi2": 3.861e-7,
          "acre": 0.000247105
        },
        "volume": {
          "cm3": 1e+6,
          "mm3": 1e+9,
          "l": 1000,
          "gal": 264.172,
          "qt": 1056.69,
          "pt": 2113.38
        }
      }
}
